<?xml version="1.0" encoding="UTF-8" ?>
<!-- This is a WordPress eXtended RSS file generated by WordPress as an export of your site. -->
<!-- It contains information about your site's posts, pages, comments, categories, and other content. -->
<!-- You may use this file to transfer that content from one site to another. -->
<!-- This file is not intended to serve as a complete backup of your site. -->

<!-- To import this information into a WordPress site follow these steps: -->
<!-- 1. Log in to that site as an administrator. -->
<!-- 2. Go to Tools: Import in the WordPress admin panel. -->
<!-- 3. Install the "WordPress" importer from the list. -->
<!-- 4. Activate & Run Importer. -->
<!-- 5. Upload this file using the form provided on that page. -->
<!-- 6. You will first be asked to map the authors in this export file to users -->
<!--    on the site. For each author, you may choose to map to an -->
<!--    existing user on the site or to create a new user. -->
<!-- 7. WordPress will then import each of the posts, pages, comments, categories, etc. -->
<!--    contained in this file into your site. -->

<!-- generator="WordPress/4.0.1" created="2014-11-26 19:12" -->
<rss version="2.0"
	xmlns:excerpt="http://wordpress.org/export/1.2/excerpt/"
	xmlns:content="http://purl.org/rss/1.0/modules/content/"
	xmlns:wfw="http://wellformedweb.org/CommentAPI/"
	xmlns:dc="http://purl.org/dc/elements/1.1/"
	xmlns:wp="http://wordpress.org/export/1.2/"
>

<channel>
	<title>Café Pro</title>
	<link>http://demo.studiopress.com/cafe</link>
	<description>Restaurant Theme</description>
	<pubDate>Wed, 26 Nov 2014 19:12:45 +0000</pubDate>
	<language>en-US</language>
	<wp:wxr_version>1.2</wp:wxr_version>
	<wp:base_site_url>http://demo.studiopress.com/</wp:base_site_url>
	<wp:base_blog_url>http://demo.studiopress.com/cafe</wp:base_blog_url>

	<wp:author><wp:author_id>1</wp:author_id><wp:author_login>studiopresscomments</wp:author_login><wp:author_email>demo-comments@studiopress.com</wp:author_email><wp:author_display_name><![CDATA[StudioPress Support]]></wp:author_display_name><wp:author_first_name><![CDATA[StudioPress]]></wp:author_first_name><wp:author_last_name><![CDATA[Support]]></wp:author_last_name></wp:author>
	<wp:author><wp:author_id>94</wp:author_id><wp:author_login>studiopress</wp:author_login><wp:author_email>support@copyblogger.com</wp:author_email><wp:author_display_name><![CDATA[StudioPress Support]]></wp:author_display_name><wp:author_first_name><![CDATA[StudioPress]]></wp:author_first_name><wp:author_last_name><![CDATA[Support]]></wp:author_last_name></wp:author>

	<wp:category><wp:term_id>2</wp:term_id><wp:category_nicename>category-1</wp:category_nicename><wp:category_parent></wp:category_parent><wp:cat_name><![CDATA[Category #1]]></wp:cat_name></wp:category>
	<wp:category><wp:term_id>1</wp:term_id><wp:category_nicename>uncategorized</wp:category_nicename><wp:category_parent></wp:category_parent><wp:cat_name><![CDATA[Uncategorized]]></wp:cat_name></wp:category>
	<wp:tag><wp:term_id>3</wp:term_id><wp:tag_slug>blockquotes</wp:tag_slug><wp:tag_name><![CDATA[Blockquotes]]></wp:tag_name><wp:tag_description><![CDATA[This is an sample tag description, which can be used to boost SEO rankings.  Make sure you enabled this from the Edit Post Tags screen in your dashboard.]]></wp:tag_description></wp:tag>
	<wp:tag><wp:term_id>4</wp:term_id><wp:tag_slug>headlines</wp:tag_slug><wp:tag_name><![CDATA[Headlines]]></wp:tag_name><wp:tag_description><![CDATA[This is an sample tag description, which can be used to boost SEO rankings.  Make sure you enabled this from the Edit Post Tags screen in your dashboard.]]></wp:tag_description></wp:tag>
	<wp:tag><wp:term_id>5</wp:term_id><wp:tag_slug>images-centered</wp:tag_slug><wp:tag_name><![CDATA[Images Centered]]></wp:tag_name><wp:tag_description><![CDATA[This is an sample tag description, which can be used to boost SEO rankings.  Make sure you enabled this from the Edit Post Tags screen in your dashboard.]]></wp:tag_description></wp:tag>
	<wp:tag><wp:term_id>6</wp:term_id><wp:tag_slug>images-left</wp:tag_slug><wp:tag_name><![CDATA[Images Left]]></wp:tag_name><wp:tag_description><![CDATA[This is an sample tag description, which can be used to boost SEO rankings.  Make sure you enabled this from the Edit Post Tags screen in your dashboard.]]></wp:tag_description></wp:tag>
	<wp:tag><wp:term_id>7</wp:term_id><wp:tag_slug>images-right</wp:tag_slug><wp:tag_name><![CDATA[Images Right]]></wp:tag_name><wp:tag_description><![CDATA[This is an sample tag description, which can be used to boost SEO rankings.  Make sure you enabled this from the Edit Post Tags screen in your dashboard.]]></wp:tag_description></wp:tag>
	<wp:tag><wp:term_id>8</wp:term_id><wp:tag_slug>ordered-lists</wp:tag_slug><wp:tag_name><![CDATA[Ordered Lists]]></wp:tag_name><wp:tag_description><![CDATA[This is an sample tag description, which can be used to boost SEO rankings.  Make sure you enabled this from the Edit Post Tags screen in your dashboard.]]></wp:tag_description></wp:tag>
	<wp:tag><wp:term_id>9</wp:term_id><wp:tag_slug>tables</wp:tag_slug><wp:tag_name><![CDATA[Tables]]></wp:tag_name></wp:tag>
	<wp:tag><wp:term_id>10</wp:term_id><wp:tag_slug>threaded-comments</wp:tag_slug><wp:tag_name><![CDATA[Threaded Comments]]></wp:tag_name><wp:tag_description><![CDATA[This is an sample tag description, which can be used to boost SEO rankings.  Make sure you enabled this from the Edit Post Tags screen in your dashboard.]]></wp:tag_description></wp:tag>
	<wp:tag><wp:term_id>11</wp:term_id><wp:tag_slug>unordered-lists</wp:tag_slug><wp:tag_name><![CDATA[Unordered Lists]]></wp:tag_name><wp:tag_description><![CDATA[This is an sample tag description, which can be used to boost SEO rankings.  Make sure you enabled this from the Edit Post Tags screen in your dashboard.]]></wp:tag_description></wp:tag>
	<wp:term><wp:term_id>12</wp:term_id><wp:term_taxonomy>nav_menu</wp:term_taxonomy><wp:term_slug>primary-navigation</wp:term_slug><wp:term_name><![CDATA[Primary Navigation]]></wp:term_name></wp:term>
	<wp:term><wp:term_id>13</wp:term_id><wp:term_taxonomy>nav_menu</wp:term_taxonomy><wp:term_slug>secondary-navigation</wp:term_slug><wp:term_name><![CDATA[Secondary Navigation]]></wp:term_name></wp:term>

	<generator>http://wordpress.org/?v=4.0.1</generator>
	<item>
				<title>wordpress</title>
		<link>http://demo.studiopress.com/cafe/?attachment_id=434</link>
		<pubDate>Tue, 04 Jun 2013 01:08:12 +0000</pubDate>
		<dc:creator><![CDATA[studiopresscomments]]></dc:creator>
		<guid isPermaLink="false">https://www.studiopress.com/images/wordpress.png</guid>
		<description></description>
		<content:encoded><![CDATA[]]></content:encoded>
		<excerpt:encoded><![CDATA[]]></excerpt:encoded>
		<wp:post_id>434</wp:post_id>
		<wp:post_date>2013-06-04 01:08:12</wp:post_date>
		<wp:post_date_gmt>2013-06-04 01:08:12</wp:post_date_gmt>
		<wp:comment_status>open</wp:comment_status>
		<wp:ping_status>open</wp:ping_status>
		<wp:post_name>wordpress</wp:post_name>
		<wp:status>inherit</wp:status>
		<wp:post_parent>0</wp:post_parent>
		<wp:menu_order>0</wp:menu_order>
		<wp:post_type>attachment</wp:post_type>
		<wp:post_password></wp:post_password>
		<wp:is_sticky>0</wp:is_sticky>
		<wp:attachment_url>https://www.studiopress.com/images/wordpress.png</wp:attachment_url>
		<wp:postmeta>
			<wp:meta_key>_wp_attached_file</wp:meta_key>
			<wp:meta_value><![CDATA[2013/06/wordpress.png]]></wp:meta_value>
		</wp:postmeta>
		<wp:postmeta>
			<wp:meta_key>_wp_attachment_metadata</wp:meta_key>
			<wp:meta_value><![CDATA[a:5:{s:5:"width";i:150;s:6:"height";i:150;s:4:"file";s:21:"2013/06/wordpress.png";s:5:"sizes";a:0:{}s:10:"image_meta";a:10:{s:8:"aperture";i:0;s:6:"credit";s:0:"";s:6:"camera";s:0:"";s:7:"caption";s:0:"";s:17:"created_timestamp";i:0;s:9:"copyright";s:0:"";s:12:"focal_length";i:0;s:3:"iso";i:0;s:13:"shutter_speed";i:0;s:5:"title";s:0:"";}}]]></wp:meta_value>
		</wp:postmeta>
	</item>
	<item>
				<title>Facebook</title>
		<link>http://demo.studiopress.com/cafe/2014/09/26/facebook/</link>
		<pubDate>Fri, 26 Sep 2014 19:36:59 +0000</pubDate>
		<dc:creator><![CDATA[studiopress]]></dc:creator>
		<guid isPermaLink="false">http://demo.studiopress.com/cafe/2014/09/26/facebook/</guid>
		<description></description>
		<content:encoded><![CDATA[]]></content:encoded>
		<excerpt:encoded><![CDATA[]]></excerpt:encoded>
		<wp:post_id>438</wp:post_id>
		<wp:post_date>2014-09-26 19:36:59</wp:post_date>
		<wp:post_date_gmt>2014-09-26 19:36:59</wp:post_date_gmt>
		<wp:comment_status>open</wp:comment_status>
		<wp:ping_status>open</wp:ping_status>
		<wp:post_name>facebook</wp:post_name>
		<wp:status>publish</wp:status>
		<wp:post_parent>0</wp:post_parent>
		<wp:menu_order>1</wp:menu_order>
		<wp:post_type>nav_menu_item</wp:post_type>
		<wp:post_password></wp:post_password>
		<wp:is_sticky>0</wp:is_sticky>
		<category domain="nav_menu" nicename="secondary-navigation"><![CDATA[Secondary Navigation]]></category>
		<wp:postmeta>
			<wp:meta_key>_menu_item_type</wp:meta_key>
			<wp:meta_value><![CDATA[custom]]></wp:meta_value>
		</wp:postmeta>
		<wp:postmeta>
			<wp:meta_key>_menu_item_menu_item_parent</wp:meta_key>
			<wp:meta_value><![CDATA[0]]></wp:meta_value>
		</wp:postmeta>
		<wp:postmeta>
			<wp:meta_key>_menu_item_object_id</wp:meta_key>
			<wp:meta_value><![CDATA[438]]></wp:meta_value>
		</wp:postmeta>
		<wp:postmeta>
			<wp:meta_key>_menu_item_object</wp:meta_key>
			<wp:meta_value><![CDATA[custom]]></wp:meta_value>
		</wp:postmeta>
		<wp:postmeta>
			<wp:meta_key>_menu_item_target</wp:meta_key>
			<wp:meta_value><![CDATA[]]></wp:meta_value>
		</wp:postmeta>
		<wp:postmeta>
			<wp:meta_key>_menu_item_classes</wp:meta_key>
			<wp:meta_value><![CDATA[a:1:{i:0;s:0:"";}]]></wp:meta_value>
		</wp:postmeta>
		<wp:postmeta>
			<wp:meta_key>_menu_item_xfn</wp:meta_key>
			<wp:meta_value><![CDATA[]]></wp:meta_value>
		</wp:postmeta>
		<wp:postmeta>
			<wp:meta_key>_menu_item_url</wp:meta_key>
			<wp:meta_value><![CDATA[#]]></wp:meta_value>
		</wp:postmeta>
	</item>
	<item>
				<title>Google+</title>
		<link>http://demo.studiopress.com/cafe/2014/09/26/google/</link>
		<pubDate>Fri, 26 Sep 2014 19:36:59 +0000</pubDate>
		<dc:creator><![CDATA[studiopress]]></dc:creator>
		<guid isPermaLink="false">http://demo.studiopress.com/cafe/2014/09/26/google/</guid>
		<description></description>
		<content:encoded><![CDATA[]]></content:encoded>
		<excerpt:encoded><![CDATA[]]></excerpt:encoded>
		<wp:post_id>439</wp:post_id>
		<wp:post_date>2014-09-26 19:36:59</wp:post_date>
		<wp:post_date_gmt>2014-09-26 19:36:59</wp:post_date_gmt>
		<wp:comment_status>open</wp:comment_status>
		<wp:ping_status>open</wp:ping_status>
		<wp:post_name>google</wp:post_name>
		<wp:status>publish</wp:status>
		<wp:post_parent>0</wp:post_parent>
		<wp:menu_order>2</wp:menu_order>
		<wp:post_type>nav_menu_item</wp:post_type>
		<wp:post_password></wp:post_password>
		<wp:is_sticky>0</wp:is_sticky>
		<category domain="nav_menu" nicename="secondary-navigation"><![CDATA[Secondary Navigation]]></category>
		<wp:postmeta>
			<wp:meta_key>_menu_item_type</wp:meta_key>
			<wp:meta_value><![CDATA[custom]]></wp:meta_value>
		</wp:postmeta>
		<wp:postmeta>
			<wp:meta_key>_menu_item_menu_item_parent</wp:meta_key>
			<wp:meta_value><![CDATA[0]]></wp:meta_value>
		</wp:postmeta>
		<wp:postmeta>
			<wp:meta_key>_menu_item_object_id</wp:meta_key>
			<wp:meta_value><![CDATA[439]]></wp:meta_value>
		</wp:postmeta>
		<wp:postmeta>
			<wp:meta_key>_menu_item_object</wp:meta_key>
			<wp:meta_value><![CDATA[custom]]></wp:meta_value>
		</wp:postmeta>
		<wp:postmeta>
			<wp:meta_key>_menu_item_target</wp:meta_key>
			<wp:meta_value><![CDATA[]]></wp:meta_value>
		</wp:postmeta>
		<wp:postmeta>
			<wp:meta_key>_menu_item_classes</wp:meta_key>
			<wp:meta_value><![CDATA[a:1:{i:0;s:0:"";}]]></wp:meta_value>
		</wp:postmeta>
		<wp:postmeta>
			<wp:meta_key>_menu_item_xfn</wp:meta_key>
			<wp:meta_value><![CDATA[]]></wp:meta_value>
		</wp:postmeta>
		<wp:postmeta>
			<wp:meta_key>_menu_item_url</wp:meta_key>
			<wp:meta_value><![CDATA[#]]></wp:meta_value>
		</wp:postmeta>
	</item>
	<item>
				<title>Instagram</title>
		<link>http://demo.studiopress.com/cafe/2014/09/26/instagram/</link>
		<pubDate>Fri, 26 Sep 2014 19:36:59 +0000</pubDate>
		<dc:creator><![CDATA[studiopress]]></dc:creator>
		<guid isPermaLink="false">http://demo.studiopress.com/cafe/2014/09/26/instagram/</guid>
		<description></description>
		<content:encoded><![CDATA[]]></content:encoded>
		<excerpt:encoded><![CDATA[]]></excerpt:encoded>
		<wp:post_id>440</wp:post_id>
		<wp:post_date>2014-09-26 19:36:59</wp:post_date>
		<wp:post_date_gmt>2014-09-26 19:36:59</wp:post_date_gmt>
		<wp:comment_status>open</wp:comment_status>
		<wp:ping_status>open</wp:ping_status>
		<wp:post_name>instagram</wp:post_name>
		<wp:status>publish</wp:status>
		<wp:post_parent>0</wp:post_parent>
		<wp:menu_order>3</wp:menu_order>
		<wp:post_type>nav_menu_item</wp:post_type>
		<wp:post_password></wp:post_password>
		<wp:is_sticky>0</wp:is_sticky>
		<category domain="nav_menu" nicename="secondary-navigation"><![CDATA[Secondary Navigation]]></category>
		<wp:postmeta>
			<wp:meta_key>_menu_item_type</wp:meta_key>
			<wp:meta_value><![CDATA[custom]]></wp:meta_value>
		</wp:postmeta>
		<wp:postmeta>
			<wp:meta_key>_menu_item_menu_item_parent</wp:meta_key>
			<wp:meta_value><![CDATA[0]]></wp:meta_value>
		</wp:postmeta>
		<wp:postmeta>
			<wp:meta_key>_menu_item_object_id</wp:meta_key>
			<wp:meta_value><![CDATA[440]]></wp:meta_value>
		</wp:postmeta>
		<wp:postmeta>
			<wp:meta_key>_menu_item_object</wp:meta_key>
			<wp:meta_value><![CDATA[custom]]></wp:meta_value>
		</wp:postmeta>
		<wp:postmeta>
			<wp:meta_key>_menu_item_target</wp:meta_key>
			<wp:meta_value><![CDATA[]]></wp:meta_value>
		</wp:postmeta>
		<wp:postmeta>
			<wp:meta_key>_menu_item_classes</wp:meta_key>
			<wp:meta_value><![CDATA[a:1:{i:0;s:0:"";}]]></wp:meta_value>
		</wp:postmeta>
		<wp:postmeta>
			<wp:meta_key>_menu_item_xfn</wp:meta_key>
			<wp:meta_value><![CDATA[]]></wp:meta_value>
		</wp:postmeta>
		<wp:postmeta>
			<wp:meta_key>_menu_item_url</wp:meta_key>
			<wp:meta_value><![CDATA[#]]></wp:meta_value>
		</wp:postmeta>
	</item>
	<item>
				<title>Twitter</title>
		<link>http://demo.studiopress.com/cafe/2014/09/26/twitter/</link>
		<pubDate>Fri, 26 Sep 2014 19:36:59 +0000</pubDate>
		<dc:creator><![CDATA[studiopress]]></dc:creator>
		<guid isPermaLink="false">http://demo.studiopress.com/cafe/2014/09/26/twitter/</guid>
		<description></description>
		<content:encoded><![CDATA[]]></content:encoded>
		<excerpt:encoded><![CDATA[]]></excerpt:encoded>
		<wp:post_id>441</wp:post_id>
		<wp:post_date>2014-09-26 19:36:59</wp:post_date>
		<wp:post_date_gmt>2014-09-26 19:36:59</wp:post_date_gmt>
		<wp:comment_status>open</wp:comment_status>
		<wp:ping_status>open</wp:ping_status>
		<wp:post_name>twitter</wp:post_name>
		<wp:status>publish</wp:status>
		<wp:post_parent>0</wp:post_parent>
		<wp:menu_order>4</wp:menu_order>
		<wp:post_type>nav_menu_item</wp:post_type>
		<wp:post_password></wp:post_password>
		<wp:is_sticky>0</wp:is_sticky>
		<category domain="nav_menu" nicename="secondary-navigation"><![CDATA[Secondary Navigation]]></category>
		<wp:postmeta>
			<wp:meta_key>_menu_item_type</wp:meta_key>
			<wp:meta_value><![CDATA[custom]]></wp:meta_value>
		</wp:postmeta>
		<wp:postmeta>
			<wp:meta_key>_menu_item_menu_item_parent</wp:meta_key>
			<wp:meta_value><![CDATA[0]]></wp:meta_value>
		</wp:postmeta>
		<wp:postmeta>
			<wp:meta_key>_menu_item_object_id</wp:meta_key>
			<wp:meta_value><![CDATA[441]]></wp:meta_value>
		</wp:postmeta>
		<wp:postmeta>
			<wp:meta_key>_menu_item_object</wp:meta_key>
			<wp:meta_value><![CDATA[custom]]></wp:meta_value>
		</wp:postmeta>
		<wp:postmeta>
			<wp:meta_key>_menu_item_target</wp:meta_key>
			<wp:meta_value><![CDATA[]]></wp:meta_value>
		</wp:postmeta>
		<wp:postmeta>
			<wp:meta_key>_menu_item_classes</wp:meta_key>
			<wp:meta_value><![CDATA[a:1:{i:0;s:0:"";}]]></wp:meta_value>
		</wp:postmeta>
		<wp:postmeta>
			<wp:meta_key>_menu_item_xfn</wp:meta_key>
			<wp:meta_value><![CDATA[]]></wp:meta_value>
		</wp:postmeta>
		<wp:postmeta>
			<wp:meta_key>_menu_item_url</wp:meta_key>
			<wp:meta_value><![CDATA[#]]></wp:meta_value>
		</wp:postmeta>
	</item>
	<item>
				<title>Sample Pages</title>
		<link>http://demo.studiopress.com/cafe/2014/09/26/sample-pages-2/</link>
		<pubDate>Fri, 26 Sep 2014 21:01:30 +0000</pubDate>
		<dc:creator><![CDATA[studiopress]]></dc:creator>
		<guid isPermaLink="false">http://demo.studiopress.com/cafe/2014/09/26/sample-pages-2/</guid>
		<description></description>
		<content:encoded><![CDATA[]]></content:encoded>
		<excerpt:encoded><![CDATA[]]></excerpt:encoded>
		<wp:post_id>573</wp:post_id>
		<wp:post_date>2014-09-26 21:01:30</wp:post_date>
		<wp:post_date_gmt>2014-09-26 21:01:30</wp:post_date_gmt>
		<wp:comment_status>open</wp:comment_status>
		<wp:ping_status>open</wp:ping_status>
		<wp:post_name>sample-pages-2</wp:post_name>
		<wp:status>publish</wp:status>
		<wp:post_parent>0</wp:post_parent>
		<wp:menu_order>3</wp:menu_order>
		<wp:post_type>nav_menu_item</wp:post_type>
		<wp:post_password></wp:post_password>
		<wp:is_sticky>0</wp:is_sticky>
		<category domain="nav_menu" nicename="primary-navigation"><![CDATA[Primary Navigation]]></category>
		<wp:postmeta>
			<wp:meta_key>_menu_item_type</wp:meta_key>
			<wp:meta_value><![CDATA[custom]]></wp:meta_value>
		</wp:postmeta>
		<wp:postmeta>
			<wp:meta_key>_menu_item_menu_item_parent</wp:meta_key>
			<wp:meta_value><![CDATA[591]]></wp:meta_value>
		</wp:postmeta>
		<wp:postmeta>
			<wp:meta_key>_menu_item_object_id</wp:meta_key>
			<wp:meta_value><![CDATA[573]]></wp:meta_value>
		</wp:postmeta>
		<wp:postmeta>
			<wp:meta_key>_menu_item_object</wp:meta_key>
			<wp:meta_value><![CDATA[custom]]></wp:meta_value>
		</wp:postmeta>
		<wp:postmeta>
			<wp:meta_key>_menu_item_target</wp:meta_key>
			<wp:meta_value><![CDATA[]]></wp:meta_value>
		</wp:postmeta>
		<wp:postmeta>
			<wp:meta_key>_menu_item_classes</wp:meta_key>
			<wp:meta_value><![CDATA[a:1:{i:0;s:0:"";}]]></wp:meta_value>
		</wp:postmeta>
		<wp:postmeta>
			<wp:meta_key>_menu_item_xfn</wp:meta_key>
			<wp:meta_value><![CDATA[]]></wp:meta_value>
		</wp:postmeta>
		<wp:postmeta>
			<wp:meta_key>_menu_item_url</wp:meta_key>
			<wp:meta_value><![CDATA[#]]></wp:meta_value>
		</wp:postmeta>
	</item>
	<item>
				<title>Author Page</title>
		<link>http://demo.studiopress.com/cafe/2014/09/26/author-page-2/</link>
		<pubDate>Fri, 26 Sep 2014 21:01:30 +0000</pubDate>
		<dc:creator><![CDATA[studiopress]]></dc:creator>
		<guid isPermaLink="false">http://demo.studiopress.com/cafe/2014/09/26/author-page-2/</guid>
		<description></description>
		<content:encoded><![CDATA[]]></content:encoded>
		<excerpt:encoded><![CDATA[]]></excerpt:encoded>
		<wp:post_id>581</wp:post_id>
		<wp:post_date>2014-09-26 21:01:30</wp:post_date>
		<wp:post_date_gmt>2014-09-26 21:01:30</wp:post_date_gmt>
		<wp:comment_status>open</wp:comment_status>
		<wp:ping_status>open</wp:ping_status>
		<wp:post_name>author-page-2</wp:post_name>
		<wp:status>publish</wp:status>
		<wp:post_parent>0</wp:post_parent>
		<wp:menu_order>4</wp:menu_order>
		<wp:post_type>nav_menu_item</wp:post_type>
		<wp:post_password></wp:post_password>
		<wp:is_sticky>0</wp:is_sticky>
		<category domain="nav_menu" nicename="primary-navigation"><![CDATA[Primary Navigation]]></category>
		<wp:postmeta>
			<wp:meta_key>_menu_item_type</wp:meta_key>
			<wp:meta_value><![CDATA[custom]]></wp:meta_value>
		</wp:postmeta>
		<wp:postmeta>
			<wp:meta_key>_menu_item_menu_item_parent</wp:meta_key>
			<wp:meta_value><![CDATA[573]]></wp:meta_value>
		</wp:postmeta>
		<wp:postmeta>
			<wp:meta_key>_menu_item_object_id</wp:meta_key>
			<wp:meta_value><![CDATA[581]]></wp:meta_value>
		</wp:postmeta>
		<wp:postmeta>
			<wp:meta_key>_menu_item_object</wp:meta_key>
			<wp:meta_value><![CDATA[custom]]></wp:meta_value>
		</wp:postmeta>
		<wp:postmeta>
			<wp:meta_key>_menu_item_target</wp:meta_key>
			<wp:meta_value><![CDATA[]]></wp:meta_value>
		</wp:postmeta>
		<wp:postmeta>
			<wp:meta_key>_menu_item_classes</wp:meta_key>
			<wp:meta_value><![CDATA[a:1:{i:0;s:0:"";}]]></wp:meta_value>
		</wp:postmeta>
		<wp:postmeta>
			<wp:meta_key>_menu_item_xfn</wp:meta_key>
			<wp:meta_value><![CDATA[]]></wp:meta_value>
		</wp:postmeta>
		<wp:postmeta>
			<wp:meta_key>_menu_item_url</wp:meta_key>
			<wp:meta_value><![CDATA[http://demo.studiopress.com/cafe/author/studiopress/]]></wp:meta_value>
		</wp:postmeta>
	</item>
	<item>
				<title>Category Page</title>
		<link>http://demo.studiopress.com/cafe/2014/09/26/category-page-2/</link>
		<pubDate>Fri, 26 Sep 2014 21:01:30 +0000</pubDate>
		<dc:creator><![CDATA[studiopress]]></dc:creator>
		<guid isPermaLink="false">http://demo.studiopress.com/cafe/2014/09/26/category-page-2/</guid>
		<description></description>
		<content:encoded><![CDATA[]]></content:encoded>
		<excerpt:encoded><![CDATA[]]></excerpt:encoded>
		<wp:post_id>582</wp:post_id>
		<wp:post_date>2014-09-26 21:01:30</wp:post_date>
		<wp:post_date_gmt>2014-09-26 21:01:30</wp:post_date_gmt>
		<wp:comment_status>open</wp:comment_status>
		<wp:ping_status>open</wp:ping_status>
		<wp:post_name>category-page-2</wp:post_name>
		<wp:status>publish</wp:status>
		<wp:post_parent>0</wp:post_parent>
		<wp:menu_order>5</wp:menu_order>
		<wp:post_type>nav_menu_item</wp:post_type>
		<wp:post_password></wp:post_password>
		<wp:is_sticky>0</wp:is_sticky>
		<category domain="nav_menu" nicename="primary-navigation"><![CDATA[Primary Navigation]]></category>
		<wp:postmeta>
			<wp:meta_key>_menu_item_type</wp:meta_key>
			<wp:meta_value><![CDATA[taxonomy]]></wp:meta_value>
		</wp:postmeta>
		<wp:postmeta>
			<wp:meta_key>_menu_item_menu_item_parent</wp:meta_key>
			<wp:meta_value><![CDATA[573]]></wp:meta_value>
		</wp:postmeta>
		<wp:postmeta>
			<wp:meta_key>_menu_item_object_id</wp:meta_key>
			<wp:meta_value><![CDATA[2]]></wp:meta_value>
		</wp:postmeta>
		<wp:postmeta>
			<wp:meta_key>_menu_item_object</wp:meta_key>
			<wp:meta_value><![CDATA[category]]></wp:meta_value>
		</wp:postmeta>
		<wp:postmeta>
			<wp:meta_key>_menu_item_target</wp:meta_key>
			<wp:meta_value><![CDATA[]]></wp:meta_value>
		</wp:postmeta>
		<wp:postmeta>
			<wp:meta_key>_menu_item_classes</wp:meta_key>
			<wp:meta_value><![CDATA[a:1:{i:0;s:0:"";}]]></wp:meta_value>
		</wp:postmeta>
		<wp:postmeta>
			<wp:meta_key>_menu_item_xfn</wp:meta_key>
			<wp:meta_value><![CDATA[]]></wp:meta_value>
		</wp:postmeta>
		<wp:postmeta>
			<wp:meta_key>_menu_item_url</wp:meta_key>
			<wp:meta_value><![CDATA[]]></wp:meta_value>
		</wp:postmeta>
	</item>
	<item>
				<title></title>
		<link>http://demo.studiopress.com/cafe/2014/09/26/583/</link>
		<pubDate>Fri, 26 Sep 2014 21:01:30 +0000</pubDate>
		<dc:creator><![CDATA[studiopress]]></dc:creator>
		<guid isPermaLink="false">http://demo.studiopress.com/cafe/2014/09/26/583/</guid>
		<description></description>
		<content:encoded><![CDATA[ ]]></content:encoded>
		<excerpt:encoded><![CDATA[]]></excerpt:encoded>
		<wp:post_id>583</wp:post_id>
		<wp:post_date>2014-09-26 21:01:30</wp:post_date>
		<wp:post_date_gmt>2014-09-26 21:01:30</wp:post_date_gmt>
		<wp:comment_status>open</wp:comment_status>
		<wp:ping_status>open</wp:ping_status>
		<wp:post_name>583</wp:post_name>
		<wp:status>publish</wp:status>
		<wp:post_parent>0</wp:post_parent>
		<wp:menu_order>6</wp:menu_order>
		<wp:post_type>nav_menu_item</wp:post_type>
		<wp:post_password></wp:post_password>
		<wp:is_sticky>0</wp:is_sticky>
		<category domain="nav_menu" nicename="primary-navigation"><![CDATA[Primary Navigation]]></category>
		<wp:postmeta>
			<wp:meta_key>_menu_item_type</wp:meta_key>
			<wp:meta_value><![CDATA[post_type]]></wp:meta_value>
		</wp:postmeta>
		<wp:postmeta>
			<wp:meta_key>_menu_item_menu_item_parent</wp:meta_key>
			<wp:meta_value><![CDATA[573]]></wp:meta_value>
		</wp:postmeta>
		<wp:postmeta>
			<wp:meta_key>_menu_item_object_id</wp:meta_key>
			<wp:meta_value><![CDATA[181]]></wp:meta_value>
		</wp:postmeta>
		<wp:postmeta>
			<wp:meta_key>_menu_item_object</wp:meta_key>
			<wp:meta_value><![CDATA[page]]></wp:meta_value>
		</wp:postmeta>
		<wp:postmeta>
			<wp:meta_key>_menu_item_target</wp:meta_key>
			<wp:meta_value><![CDATA[]]></wp:meta_value>
		</wp:postmeta>
		<wp:postmeta>
			<wp:meta_key>_menu_item_classes</wp:meta_key>
			<wp:meta_value><![CDATA[a:1:{i:0;s:0:"";}]]></wp:meta_value>
		</wp:postmeta>
		<wp:postmeta>
			<wp:meta_key>_menu_item_xfn</wp:meta_key>
			<wp:meta_value><![CDATA[]]></wp:meta_value>
		</wp:postmeta>
		<wp:postmeta>
			<wp:meta_key>_menu_item_url</wp:meta_key>
			<wp:meta_value><![CDATA[]]></wp:meta_value>
		</wp:postmeta>
	</item>
	<item>
				<title>Page Typography</title>
		<link>http://demo.studiopress.com/cafe/2014/09/26/page-typography/</link>
		<pubDate>Fri, 26 Sep 2014 21:01:30 +0000</pubDate>
		<dc:creator><![CDATA[studiopress]]></dc:creator>
		<guid isPermaLink="false">http://demo.studiopress.com/cafe/2014/09/26/page-typography/</guid>
		<description></description>
		<content:encoded><![CDATA[]]></content:encoded>
		<excerpt:encoded><![CDATA[]]></excerpt:encoded>
		<wp:post_id>584</wp:post_id>
		<wp:post_date>2014-09-26 21:01:30</wp:post_date>
		<wp:post_date_gmt>2014-09-26 21:01:30</wp:post_date_gmt>
		<wp:comment_status>open</wp:comment_status>
		<wp:ping_status>open</wp:ping_status>
		<wp:post_name>page-typography</wp:post_name>
		<wp:status>publish</wp:status>
		<wp:post_parent>0</wp:post_parent>
		<wp:menu_order>2</wp:menu_order>
		<wp:post_type>nav_menu_item</wp:post_type>
		<wp:post_password></wp:post_password>
		<wp:is_sticky>0</wp:is_sticky>
		<category domain="nav_menu" nicename="primary-navigation"><![CDATA[Primary Navigation]]></category>
		<wp:postmeta>
			<wp:meta_key>_menu_item_type</wp:meta_key>
			<wp:meta_value><![CDATA[post_type]]></wp:meta_value>
		</wp:postmeta>
		<wp:postmeta>
			<wp:meta_key>_menu_item_menu_item_parent</wp:meta_key>
			<wp:meta_value><![CDATA[591]]></wp:meta_value>
		</wp:postmeta>
		<wp:postmeta>
			<wp:meta_key>_menu_item_object_id</wp:meta_key>
			<wp:meta_value><![CDATA[534]]></wp:meta_value>
		</wp:postmeta>
		<wp:postmeta>
			<wp:meta_key>_menu_item_object</wp:meta_key>
			<wp:meta_value><![CDATA[page]]></wp:meta_value>
		</wp:postmeta>
		<wp:postmeta>
			<wp:meta_key>_menu_item_target</wp:meta_key>
			<wp:meta_value><![CDATA[]]></wp:meta_value>
		</wp:postmeta>
		<wp:postmeta>
			<wp:meta_key>_menu_item_classes</wp:meta_key>
			<wp:meta_value><![CDATA[a:1:{i:0;s:0:"";}]]></wp:meta_value>
		</wp:postmeta>
		<wp:postmeta>
			<wp:meta_key>_menu_item_xfn</wp:meta_key>
			<wp:meta_value><![CDATA[]]></wp:meta_value>
		</wp:postmeta>
		<wp:postmeta>
			<wp:meta_key>_menu_item_url</wp:meta_key>
			<wp:meta_value><![CDATA[]]></wp:meta_value>
		</wp:postmeta>
	</item>
	<item>
				<title></title>
		<link>http://demo.studiopress.com/cafe/2014/09/26/585/</link>
		<pubDate>Fri, 26 Sep 2014 21:01:30 +0000</pubDate>
		<dc:creator><![CDATA[studiopress]]></dc:creator>
		<guid isPermaLink="false">http://demo.studiopress.com/cafe/2014/09/26/585/</guid>
		<description></description>
		<content:encoded><![CDATA[ ]]></content:encoded>
		<excerpt:encoded><![CDATA[]]></excerpt:encoded>
		<wp:post_id>585</wp:post_id>
		<wp:post_date>2014-09-26 21:01:30</wp:post_date>
		<wp:post_date_gmt>2014-09-26 21:01:30</wp:post_date_gmt>
		<wp:comment_status>open</wp:comment_status>
		<wp:ping_status>open</wp:ping_status>
		<wp:post_name>585</wp:post_name>
		<wp:status>publish</wp:status>
		<wp:post_parent>0</wp:post_parent>
		<wp:menu_order>7</wp:menu_order>
		<wp:post_type>nav_menu_item</wp:post_type>
		<wp:post_password></wp:post_password>
		<wp:is_sticky>0</wp:is_sticky>
		<category domain="nav_menu" nicename="primary-navigation"><![CDATA[Primary Navigation]]></category>
		<wp:postmeta>
			<wp:meta_key>_menu_item_type</wp:meta_key>
			<wp:meta_value><![CDATA[post_type]]></wp:meta_value>
		</wp:postmeta>
		<wp:postmeta>
			<wp:meta_key>_menu_item_menu_item_parent</wp:meta_key>
			<wp:meta_value><![CDATA[573]]></wp:meta_value>
		</wp:postmeta>
		<wp:postmeta>
			<wp:meta_key>_menu_item_object_id</wp:meta_key>
			<wp:meta_value><![CDATA[539]]></wp:meta_value>
		</wp:postmeta>
		<wp:postmeta>
			<wp:meta_key>_menu_item_object</wp:meta_key>
			<wp:meta_value><![CDATA[page]]></wp:meta_value>
		</wp:postmeta>
		<wp:postmeta>
			<wp:meta_key>_menu_item_target</wp:meta_key>
			<wp:meta_value><![CDATA[]]></wp:meta_value>
		</wp:postmeta>
		<wp:postmeta>
			<wp:meta_key>_menu_item_classes</wp:meta_key>
			<wp:meta_value><![CDATA[a:1:{i:0;s:0:"";}]]></wp:meta_value>
		</wp:postmeta>
		<wp:postmeta>
			<wp:meta_key>_menu_item_xfn</wp:meta_key>
			<wp:meta_value><![CDATA[]]></wp:meta_value>
		</wp:postmeta>
		<wp:postmeta>
			<wp:meta_key>_menu_item_url</wp:meta_key>
			<wp:meta_value><![CDATA[]]></wp:meta_value>
		</wp:postmeta>
	</item>
	<item>
				<title>Contact</title>
		<link>http://demo.studiopress.com/cafe/2014/09/26/contact-2/</link>
		<pubDate>Fri, 26 Sep 2014 23:00:18 +0000</pubDate>
		<dc:creator><![CDATA[studiopress]]></dc:creator>
		<guid isPermaLink="false">http://demo.studiopress.com/cafe/?p=586</guid>
		<description></description>
		<content:encoded><![CDATA[]]></content:encoded>
		<excerpt:encoded><![CDATA[]]></excerpt:encoded>
		<wp:post_id>586</wp:post_id>
		<wp:post_date>2014-09-26 23:00:18</wp:post_date>
		<wp:post_date_gmt>2014-09-26 23:00:18</wp:post_date_gmt>
		<wp:comment_status>open</wp:comment_status>
		<wp:ping_status>open</wp:ping_status>
		<wp:post_name>contact-2</wp:post_name>
		<wp:status>publish</wp:status>
		<wp:post_parent>0</wp:post_parent>
		<wp:menu_order>5</wp:menu_order>
		<wp:post_type>nav_menu_item</wp:post_type>
		<wp:post_password></wp:post_password>
		<wp:is_sticky>0</wp:is_sticky>
		<category domain="nav_menu" nicename="secondary-navigation"><![CDATA[Secondary Navigation]]></category>
		<wp:postmeta>
			<wp:meta_key>_menu_item_type</wp:meta_key>
			<wp:meta_value><![CDATA[post_type]]></wp:meta_value>
		</wp:postmeta>
		<wp:postmeta>
			<wp:meta_key>_menu_item_menu_item_parent</wp:meta_key>
			<wp:meta_value><![CDATA[0]]></wp:meta_value>
		</wp:postmeta>
		<wp:postmeta>
			<wp:meta_key>_menu_item_object_id</wp:meta_key>
			<wp:meta_value><![CDATA[83]]></wp:meta_value>
		</wp:postmeta>
		<wp:postmeta>
			<wp:meta_key>_menu_item_object</wp:meta_key>
			<wp:meta_value><![CDATA[page]]></wp:meta_value>
		</wp:postmeta>
		<wp:postmeta>
			<wp:meta_key>_menu_item_target</wp:meta_key>
			<wp:meta_value><![CDATA[]]></wp:meta_value>
		</wp:postmeta>
		<wp:postmeta>
			<wp:meta_key>_menu_item_classes</wp:meta_key>
			<wp:meta_value><![CDATA[a:1:{i:0;s:0:"";}]]></wp:meta_value>
		</wp:postmeta>
		<wp:postmeta>
			<wp:meta_key>_menu_item_xfn</wp:meta_key>
			<wp:meta_value><![CDATA[]]></wp:meta_value>
		</wp:postmeta>
		<wp:postmeta>
			<wp:meta_key>_menu_item_url</wp:meta_key>
			<wp:meta_value><![CDATA[]]></wp:meta_value>
		</wp:postmeta>
	</item>
	<item>
				<title>Café Pro Orange</title>
		<link>http://demo.studiopress.com/cafe/2014/09/26/cafe-pro-orange/</link>
		<pubDate>Fri, 26 Sep 2014 23:07:49 +0000</pubDate>
		<dc:creator><![CDATA[studiopress]]></dc:creator>
		<guid isPermaLink="false">http://demo.studiopress.com/cafe/?p=587</guid>
		<description></description>
		<content:encoded><![CDATA[]]></content:encoded>
		<excerpt:encoded><![CDATA[]]></excerpt:encoded>
		<wp:post_id>587</wp:post_id>
		<wp:post_date>2014-09-26 23:07:49</wp:post_date>
		<wp:post_date_gmt>2014-09-26 23:07:49</wp:post_date_gmt>
		<wp:comment_status>open</wp:comment_status>
		<wp:ping_status>open</wp:ping_status>
		<wp:post_name>cafe-pro-orange</wp:post_name>
		<wp:status>publish</wp:status>
		<wp:post_parent>0</wp:post_parent>
		<wp:menu_order>12</wp:menu_order>
		<wp:post_type>nav_menu_item</wp:post_type>
		<wp:post_password></wp:post_password>
		<wp:is_sticky>0</wp:is_sticky>
		<category domain="nav_menu" nicename="primary-navigation"><![CDATA[Primary Navigation]]></category>
		<wp:postmeta>
			<wp:meta_key>_menu_item_type</wp:meta_key>
			<wp:meta_value><![CDATA[custom]]></wp:meta_value>
		</wp:postmeta>
		<wp:postmeta>
			<wp:meta_key>_menu_item_menu_item_parent</wp:meta_key>
			<wp:meta_value><![CDATA[588]]></wp:meta_value>
		</wp:postmeta>
		<wp:postmeta>
			<wp:meta_key>_menu_item_object_id</wp:meta_key>
			<wp:meta_value><![CDATA[587]]></wp:meta_value>
		</wp:postmeta>
		<wp:postmeta>
			<wp:meta_key>_menu_item_object</wp:meta_key>
			<wp:meta_value><![CDATA[custom]]></wp:meta_value>
		</wp:postmeta>
		<wp:postmeta>
			<wp:meta_key>_menu_item_target</wp:meta_key>
			<wp:meta_value><![CDATA[]]></wp:meta_value>
		</wp:postmeta>
		<wp:postmeta>
			<wp:meta_key>_menu_item_classes</wp:meta_key>
			<wp:meta_value><![CDATA[a:1:{i:0;s:0:"";}]]></wp:meta_value>
		</wp:postmeta>
		<wp:postmeta>
			<wp:meta_key>_menu_item_xfn</wp:meta_key>
			<wp:meta_value><![CDATA[]]></wp:meta_value>
		</wp:postmeta>
		<wp:postmeta>
			<wp:meta_key>_menu_item_url</wp:meta_key>
			<wp:meta_value><![CDATA[?color=orange]]></wp:meta_value>
		</wp:postmeta>
	</item>
	<item>
				<title>Theme Colors</title>
		<link>http://demo.studiopress.com/cafe/2014/09/26/theme-colors/</link>
		<pubDate>Fri, 26 Sep 2014 23:07:49 +0000</pubDate>
		<dc:creator><![CDATA[studiopress]]></dc:creator>
		<guid isPermaLink="false">http://demo.studiopress.com/cafe/?p=588</guid>
		<description></description>
		<content:encoded><![CDATA[]]></content:encoded>
		<excerpt:encoded><![CDATA[]]></excerpt:encoded>
		<wp:post_id>588</wp:post_id>
		<wp:post_date>2014-09-26 23:07:49</wp:post_date>
		<wp:post_date_gmt>2014-09-26 23:07:49</wp:post_date_gmt>
		<wp:comment_status>open</wp:comment_status>
		<wp:ping_status>open</wp:ping_status>
		<wp:post_name>theme-colors</wp:post_name>
		<wp:status>publish</wp:status>
		<wp:post_parent>0</wp:post_parent>
		<wp:menu_order>9</wp:menu_order>
		<wp:post_type>nav_menu_item</wp:post_type>
		<wp:post_password></wp:post_password>
		<wp:is_sticky>0</wp:is_sticky>
		<category domain="nav_menu" nicename="primary-navigation"><![CDATA[Primary Navigation]]></category>
		<wp:postmeta>
			<wp:meta_key>_menu_item_type</wp:meta_key>
			<wp:meta_value><![CDATA[custom]]></wp:meta_value>
		</wp:postmeta>
		<wp:postmeta>
			<wp:meta_key>_menu_item_menu_item_parent</wp:meta_key>
			<wp:meta_value><![CDATA[591]]></wp:meta_value>
		</wp:postmeta>
		<wp:postmeta>
			<wp:meta_key>_menu_item_object_id</wp:meta_key>
			<wp:meta_value><![CDATA[588]]></wp:meta_value>
		</wp:postmeta>
		<wp:postmeta>
			<wp:meta_key>_menu_item_object</wp:meta_key>
			<wp:meta_value><![CDATA[custom]]></wp:meta_value>
		</wp:postmeta>
		<wp:postmeta>
			<wp:meta_key>_menu_item_target</wp:meta_key>
			<wp:meta_value><![CDATA[]]></wp:meta_value>
		</wp:postmeta>
		<wp:postmeta>
			<wp:meta_key>_menu_item_classes</wp:meta_key>
			<wp:meta_value><![CDATA[a:1:{i:0;s:0:"";}]]></wp:meta_value>
		</wp:postmeta>
		<wp:postmeta>
			<wp:meta_key>_menu_item_xfn</wp:meta_key>
			<wp:meta_value><![CDATA[]]></wp:meta_value>
		</wp:postmeta>
		<wp:postmeta>
			<wp:meta_key>_menu_item_url</wp:meta_key>
			<wp:meta_value><![CDATA[#]]></wp:meta_value>
		</wp:postmeta>
	</item>
	<item>
				<title>Café Pro Green</title>
		<link>http://demo.studiopress.com/cafe/2014/09/26/cafe-pro-green/</link>
		<pubDate>Fri, 26 Sep 2014 23:07:49 +0000</pubDate>
		<dc:creator><![CDATA[studiopress]]></dc:creator>
		<guid isPermaLink="false">http://demo.studiopress.com/cafe/?p=589</guid>
		<description></description>
		<content:encoded><![CDATA[]]></content:encoded>
		<excerpt:encoded><![CDATA[]]></excerpt:encoded>
		<wp:post_id>589</wp:post_id>
		<wp:post_date>2014-09-26 23:07:49</wp:post_date>
		<wp:post_date_gmt>2014-09-26 23:07:49</wp:post_date_gmt>
		<wp:comment_status>open</wp:comment_status>
		<wp:ping_status>open</wp:ping_status>
		<wp:post_name>cafe-pro-green</wp:post_name>
		<wp:status>publish</wp:status>
		<wp:post_parent>0</wp:post_parent>
		<wp:menu_order>10</wp:menu_order>
		<wp:post_type>nav_menu_item</wp:post_type>
		<wp:post_password></wp:post_password>
		<wp:is_sticky>0</wp:is_sticky>
		<category domain="nav_menu" nicename="primary-navigation"><![CDATA[Primary Navigation]]></category>
		<wp:postmeta>
			<wp:meta_key>_menu_item_type</wp:meta_key>
			<wp:meta_value><![CDATA[custom]]></wp:meta_value>
		</wp:postmeta>
		<wp:postmeta>
			<wp:meta_key>_menu_item_menu_item_parent</wp:meta_key>
			<wp:meta_value><![CDATA[588]]></wp:meta_value>
		</wp:postmeta>
		<wp:postmeta>
			<wp:meta_key>_menu_item_object_id</wp:meta_key>
			<wp:meta_value><![CDATA[589]]></wp:meta_value>
		</wp:postmeta>
		<wp:postmeta>
			<wp:meta_key>_menu_item_object</wp:meta_key>
			<wp:meta_value><![CDATA[custom]]></wp:meta_value>
		</wp:postmeta>
		<wp:postmeta>
			<wp:meta_key>_menu_item_target</wp:meta_key>
			<wp:meta_value><![CDATA[]]></wp:meta_value>
		</wp:postmeta>
		<wp:postmeta>
			<wp:meta_key>_menu_item_classes</wp:meta_key>
			<wp:meta_value><![CDATA[a:1:{i:0;s:0:"";}]]></wp:meta_value>
		</wp:postmeta>
		<wp:postmeta>
			<wp:meta_key>_menu_item_xfn</wp:meta_key>
			<wp:meta_value><![CDATA[]]></wp:meta_value>
		</wp:postmeta>
		<wp:postmeta>
			<wp:meta_key>_menu_item_url</wp:meta_key>
			<wp:meta_value><![CDATA[?color=green]]></wp:meta_value>
		</wp:postmeta>
	</item>
	<item>
				<title>Café Pro Gold</title>
		<link>http://demo.studiopress.com/cafe/2014/09/26/cafe-pro-gold/</link>
		<pubDate>Fri, 26 Sep 2014 23:07:49 +0000</pubDate>
		<dc:creator><![CDATA[studiopress]]></dc:creator>
		<guid isPermaLink="false">http://demo.studiopress.com/cafe/?p=590</guid>
		<description></description>
		<content:encoded><![CDATA[]]></content:encoded>
		<excerpt:encoded><![CDATA[]]></excerpt:encoded>
		<wp:post_id>590</wp:post_id>
		<wp:post_date>2014-09-26 23:07:49</wp:post_date>
		<wp:post_date_gmt>2014-09-26 23:07:49</wp:post_date_gmt>
		<wp:comment_status>open</wp:comment_status>
		<wp:ping_status>open</wp:ping_status>
		<wp:post_name>cafe-pro-gold</wp:post_name>
		<wp:status>publish</wp:status>
		<wp:post_parent>0</wp:post_parent>
		<wp:menu_order>11</wp:menu_order>
		<wp:post_type>nav_menu_item</wp:post_type>
		<wp:post_password></wp:post_password>
		<wp:is_sticky>0</wp:is_sticky>
		<category domain="nav_menu" nicename="primary-navigation"><![CDATA[Primary Navigation]]></category>
		<wp:postmeta>
			<wp:meta_key>_menu_item_type</wp:meta_key>
			<wp:meta_value><![CDATA[custom]]></wp:meta_value>
		</wp:postmeta>
		<wp:postmeta>
			<wp:meta_key>_menu_item_menu_item_parent</wp:meta_key>
			<wp:meta_value><![CDATA[588]]></wp:meta_value>
		</wp:postmeta>
		<wp:postmeta>
			<wp:meta_key>_menu_item_object_id</wp:meta_key>
			<wp:meta_value><![CDATA[590]]></wp:meta_value>
		</wp:postmeta>
		<wp:postmeta>
			<wp:meta_key>_menu_item_object</wp:meta_key>
			<wp:meta_value><![CDATA[custom]]></wp:meta_value>
		</wp:postmeta>
		<wp:postmeta>
			<wp:meta_key>_menu_item_target</wp:meta_key>
			<wp:meta_value><![CDATA[]]></wp:meta_value>
		</wp:postmeta>
		<wp:postmeta>
			<wp:meta_key>_menu_item_classes</wp:meta_key>
			<wp:meta_value><![CDATA[a:1:{i:0;s:0:"";}]]></wp:meta_value>
		</wp:postmeta>
		<wp:postmeta>
			<wp:meta_key>_menu_item_xfn</wp:meta_key>
			<wp:meta_value><![CDATA[]]></wp:meta_value>
		</wp:postmeta>
		<wp:postmeta>
			<wp:meta_key>_menu_item_url</wp:meta_key>
			<wp:meta_value><![CDATA[?color=gold]]></wp:meta_value>
		</wp:postmeta>
	</item>
	<item>
				<title>Contact Page</title>
		<link>http://demo.studiopress.com/cafe/contact/</link>
		<pubDate>Sun, 15 Aug 2010 19:13:33 +0000</pubDate>
		<dc:creator><![CDATA[studiopress]]></dc:creator>
		<guid isPermaLink="false">http://demo.studiopress.com/genesis</guid>
		<description></description>
		<content:encoded><![CDATA[Please fill out the form below and we will reply within 24 hours.

[ninja_forms_display_form id=1]

* This contact form was built with an open source plugin called <a href="http://ninjaforms.com/">Ninja Forms</a> which is free to use and comes highly recommend by us.]]></content:encoded>
		<excerpt:encoded><![CDATA[]]></excerpt:encoded>
		<wp:post_id>83</wp:post_id>
		<wp:post_date>2010-08-15 19:13:33</wp:post_date>
		<wp:post_date_gmt>2010-08-15 19:13:33</wp:post_date_gmt>
		<wp:comment_status>open</wp:comment_status>
		<wp:ping_status>closed</wp:ping_status>
		<wp:post_name>contact</wp:post_name>
		<wp:status>publish</wp:status>
		<wp:post_parent>0</wp:post_parent>
		<wp:menu_order>11</wp:menu_order>
		<wp:post_type>page</wp:post_type>
		<wp:post_password></wp:post_password>
		<wp:is_sticky>0</wp:is_sticky>
		<wp:postmeta>
			<wp:meta_key>_edit_last</wp:meta_key>
			<wp:meta_value><![CDATA[1]]></wp:meta_value>
		</wp:postmeta>
		<wp:postmeta>
			<wp:meta_key>_wp_page_template</wp:meta_key>
			<wp:meta_value><![CDATA[default]]></wp:meta_value>
		</wp:postmeta>
	</item>
	<item>
				<title>Columns Page</title>
		<link>http://demo.studiopress.com/cafe/columns/</link>
		<pubDate>Thu, 03 Feb 2011 18:06:59 +0000</pubDate>
		<dc:creator><![CDATA[studiopress]]></dc:creator>
		<guid isPermaLink="false">http://demo.studiopress.com/genesis/?page_id=181</guid>
		<description></description>
		<content:encoded><![CDATA[Below are examples of column classes that are available in the Genesis Framework style sheet.

<h3>Two-Columns</h3>

<div class="one-half first">
<p>This is an example of a WordPress post, you could edit this to put information about yourself or your site so readers know where you are coming from. You can create as many posts as you like in order to share with your readers what exactly is on your mind.</p>
</div>

<div class="one-half">
<p>This is an example of a WordPress post, you could edit this to put information about yourself or your site so readers know where you are coming from. You can create as many posts as you like in order to share with your readers what exactly is on your mind.</p>
</div>

<div style="border-bottom:1px solid #ddd;clear:both;margin-bottom: 26px"></div>

<h3>Three-Columns</h3>

<div class="one-third first">
<p>This is an example of a WordPress post, you could edit this to put information about yourself or your site so readers know where you are coming from. You can create as many posts as you like in order to share with your readers what is on your mind.</p>
</div>

<div class="one-third">
<p>This is an example of a WordPress post, you could edit this to put information about yourself or your site so readers know where you are coming from. You can create as many posts as you like in order to share with your readers what is on your mind.</p>
</div>

<div class="one-third">
<p>This is an example of a WordPress post, you could edit this to put information about yourself or your site so readers know where you are coming from. You can create as many posts as you like in order to share with your readers what is on your mind.</p>
</div>

<div style="border-bottom:1px solid #ddd;clear:both;margin-bottom: 26px"></div>

<h3>Four-Columns</h3>

<div class="one-fourth first">
<p>This is an example of a WordPress post, you could edit this to put information about yourself or your site so readers know where you are coming from. You can create as many posts as you like in order to share with your readers what exactly is on your mind.</p>
</div>

<div class="one-fourth">
<p>This is an example of a WordPress post, you could edit this to put information about yourself or your site so readers know where you are coming from. You can create as many posts as you like in order to share with your readers what exactly is on your mind.</p>
</div>

<div class="one-fourth">
<p>This is an example of a WordPress post, you could edit this to put information about yourself or your site so readers know where you are coming from. You can create as many posts as you like in order to share with your readers what exactly is on your mind.</p>
</div>

<div class="one-fourth">
<p>This is an example of a WordPress post, you could edit this to put information about yourself or your site so readers know where you are coming from. You can create as many posts as you like in order to share with your readers what exactly is on your mind.</p>
</div>

<div style="border-bottom:1px solid #ddd;clear:both;margin-bottom: 26px"></div>

<h3>Six-Columns</h3>

<div class="one-sixth first">
<p>This is an example of a WordPress post, you could edit this to put information about yourself or your site so readers know where you are coming from. You can create as many posts as you like in order to share with your readers what is on your mind.</p>
</div>

<div class="one-sixth">
<p>This is an example of a WordPress post, you could edit this to put information about yourself or your site so readers know where you are coming from. You can create as many posts as you like in order to share with your readers what is on your mind.</p>
</div>

<div class="one-sixth">
<p>This is an example of a WordPress post, you could edit this to put information about yourself or your site so readers know where you are coming from. You can create as many posts as you like in order to share with your readers what is on your mind.</p>
</div>

<div class="one-sixth">
<p>This is an example of a WordPress post, you could edit this to put information about yourself or your site so readers know where you are coming from. You can create as many posts as you like in order to share with your readers what is on your mind.</p>
</div>

<div class="one-sixth">
<p>This is an example of a WordPress post, you could edit this to put information about yourself or your site so readers know where you are coming from. You can create as many posts as you like in order to share with your readers what is on your mind.</p>
</div>

<div class="one-sixth">
<p>This is an example of a WordPress post, you could edit this to put information about yourself or your site so readers know where you are coming from. You can create as many posts as you like in order to share with your readers what is on your mind.</p>
</div>]]></content:encoded>
		<excerpt:encoded><![CDATA[]]></excerpt:encoded>
		<wp:post_id>181</wp:post_id>
		<wp:post_date>2011-02-03 18:06:59</wp:post_date>
		<wp:post_date_gmt>2011-02-03 18:06:59</wp:post_date_gmt>
		<wp:comment_status>open</wp:comment_status>
		<wp:ping_status>closed</wp:ping_status>
		<wp:post_name>columns</wp:post_name>
		<wp:status>publish</wp:status>
		<wp:post_parent>0</wp:post_parent>
		<wp:menu_order>0</wp:menu_order>
		<wp:post_type>page</wp:post_type>
		<wp:post_password></wp:post_password>
		<wp:is_sticky>0</wp:is_sticky>
		<wp:postmeta>
			<wp:meta_key>_edit_last</wp:meta_key>
			<wp:meta_value><![CDATA[1]]></wp:meta_value>
		</wp:postmeta>
		<wp:postmeta>
			<wp:meta_key>_wp_page_template</wp:meta_key>
			<wp:meta_value><![CDATA[default]]></wp:meta_value>
		</wp:postmeta>
		<wp:postmeta>
			<wp:meta_key>_genesis_layout</wp:meta_key>
			<wp:meta_value><![CDATA[full-width-content]]></wp:meta_value>
		</wp:postmeta>
	</item>
	<item>
				<title>Post With Threaded Comments</title>
		<link>http://demo.studiopress.com/cafe/2014/07/01/threaded-comments/</link>
		<pubDate>Tue, 01 Jul 2014 01:57:18 +0000</pubDate>
		<dc:creator><![CDATA[studiopress]]></dc:creator>
		<guid isPermaLink="false">http://demo.studiopress.com/genesis/?p=20</guid>
		<description></description>
		<content:encoded><![CDATA[This is an example of a WordPress post, you could edit this to put information about yourself or your site so readers know where you are coming from. You can create as many posts as you like in order to share with your readers what is on your mind.

This is an example of a WordPress post, you could edit this to put information about yourself or your site so readers know where you are coming from. You can create as many posts as you like in order to share with your readers what is on your mind. This is an example of a WordPress post, you could edit this to put information about yourself or your site so readers know where you are coming from. You can create as many posts as you like in order to share with your readers what is on your mind.

This is an example of a WordPress post, you could edit this to put information about yourself or your site so readers know where you are coming from. You can create as many posts as you like in order to share with your readers what is on your mind.

This is an example of a WordPress post, you could edit this to put information about yourself or your site so readers know where you are coming from. You can create as many posts as you like in order to share with your readers what is on your mind. This is an example of a WordPress post, you could edit this to put information about yourself or your site so readers know where you are coming from. You can create as many posts as you like in order to share with your readers what is on your mind.]]></content:encoded>
		<excerpt:encoded><![CDATA[]]></excerpt:encoded>
		<wp:post_id>471</wp:post_id>
		<wp:post_date>2014-07-01 01:57:18</wp:post_date>
		<wp:post_date_gmt>2014-07-01 01:57:18</wp:post_date_gmt>
		<wp:comment_status>open</wp:comment_status>
		<wp:ping_status>open</wp:ping_status>
		<wp:post_name>threaded-comments</wp:post_name>
		<wp:status>publish</wp:status>
		<wp:post_parent>0</wp:post_parent>
		<wp:menu_order>0</wp:menu_order>
		<wp:post_type>post</wp:post_type>
		<wp:post_password></wp:post_password>
		<wp:is_sticky>0</wp:is_sticky>
		<category domain="category" nicename="category-1"><![CDATA[Category #1]]></category>
		<category domain="post_tag" nicename="threaded-comments"><![CDATA[Threaded Comments]]></category>
		<wp:postmeta>
			<wp:meta_key>_edit_last</wp:meta_key>
			<wp:meta_value><![CDATA[94]]></wp:meta_value>
		</wp:postmeta>
		<wp:postmeta>
			<wp:meta_key>_wp_old_slug</wp:meta_key>
			<wp:meta_value><![CDATA[sample-post-with-threaded-comments]]></wp:meta_value>
		</wp:postmeta>
		<wp:postmeta>
			<wp:meta_key>_wp_format_url</wp:meta_key>
			<wp:meta_value><![CDATA[]]></wp:meta_value>
		</wp:postmeta>
		<wp:postmeta>
			<wp:meta_key>_wp_format_quote</wp:meta_key>
			<wp:meta_value><![CDATA[]]></wp:meta_value>
		</wp:postmeta>
		<wp:postmeta>
			<wp:meta_key>_format_audio_embed</wp:meta_key>
			<wp:meta_value><![CDATA[]]></wp:meta_value>
		</wp:postmeta>
		<wp:postmeta>
			<wp:meta_key>_wp_format_image</wp:meta_key>
			<wp:meta_value><![CDATA[]]></wp:meta_value>
		</wp:postmeta>
		<wp:postmeta>
			<wp:meta_key>_format_video_embed</wp:meta_key>
			<wp:meta_value><![CDATA[]]></wp:meta_value>
		</wp:postmeta>
		<wp:postmeta>
			<wp:meta_key>_format_quote_source_name</wp:meta_key>
			<wp:meta_value><![CDATA[]]></wp:meta_value>
		</wp:postmeta>
		<wp:postmeta>
			<wp:meta_key>_format_link_url</wp:meta_key>
			<wp:meta_value><![CDATA[]]></wp:meta_value>
		</wp:postmeta>
		<wp:postmeta>
			<wp:meta_key>_format_url</wp:meta_key>
			<wp:meta_value><![CDATA[]]></wp:meta_value>
		</wp:postmeta>
		<wp:postmeta>
			<wp:meta_key>_format_quote_source_url</wp:meta_key>
			<wp:meta_value><![CDATA[]]></wp:meta_value>
		</wp:postmeta>
		<wp:postmeta>
			<wp:meta_key>_format_image</wp:meta_key>
			<wp:meta_value><![CDATA[]]></wp:meta_value>
		</wp:postmeta>
		<wp:postmeta>
			<wp:meta_key>_pingme</wp:meta_key>
			<wp:meta_value><![CDATA[1]]></wp:meta_value>
		</wp:postmeta>
		<wp:postmeta>
			<wp:meta_key>_encloseme</wp:meta_key>
			<wp:meta_value><![CDATA[1]]></wp:meta_value>
		</wp:postmeta>
		<wp:comment>
			<wp:comment_id>8</wp:comment_id>
			<wp:comment_author><![CDATA[Brian Gardner]]></wp:comment_author>
			<wp:comment_author_email>brian@briangardner.com</wp:comment_author_email>
			<wp:comment_author_url>http://www.briangardner.com/</wp:comment_author_url>
			<wp:comment_author_IP>50.179.111.168</wp:comment_author_IP>
			<wp:comment_date>2014-07-01 19:13:54</wp:comment_date>
			<wp:comment_date_gmt>2014-07-01 19:13:54</wp:comment_date_gmt>
			<wp:comment_content><![CDATA[This is an example of a comment made on a post. You can either edit the comment, delete the comment or reply to the comment. Use this as a place to respond to the post or to share what you are thinking.]]></wp:comment_content>
			<wp:comment_approved>1</wp:comment_approved>
			<wp:comment_type></wp:comment_type>
			<wp:comment_parent>0</wp:comment_parent>
			<wp:comment_user_id>1</wp:comment_user_id>
		</wp:comment>
		<wp:comment>
			<wp:comment_id>9</wp:comment_id>
			<wp:comment_author><![CDATA[Brian Gardner]]></wp:comment_author>
			<wp:comment_author_email>brian@briangardner.com</wp:comment_author_email>
			<wp:comment_author_url>http://www.briangardner.com/</wp:comment_author_url>
			<wp:comment_author_IP>50.179.111.168</wp:comment_author_IP>
			<wp:comment_date>2014-07-01 19:14:04</wp:comment_date>
			<wp:comment_date_gmt>2014-07-01 19:14:04</wp:comment_date_gmt>
			<wp:comment_content><![CDATA[This is an example of a nested threaded comment which is new in WordPress 2.7. This is where you can reply to a comment that was previously made, and visually makes reading comments to much easier.]]></wp:comment_content>
			<wp:comment_approved>1</wp:comment_approved>
			<wp:comment_type></wp:comment_type>
			<wp:comment_parent>8</wp:comment_parent>
			<wp:comment_user_id>1</wp:comment_user_id>
		</wp:comment>
		<wp:comment>
			<wp:comment_id>10</wp:comment_id>
			<wp:comment_author><![CDATA[Brian Gardner]]></wp:comment_author>
			<wp:comment_author_email>brian@briangardner.com</wp:comment_author_email>
			<wp:comment_author_url>http://www.briangardner.com/</wp:comment_author_url>
			<wp:comment_author_IP>50.179.111.168</wp:comment_author_IP>
			<wp:comment_date>2014-07-01 19:14:11</wp:comment_date>
			<wp:comment_date_gmt>2014-07-01 19:14:11</wp:comment_date_gmt>
			<wp:comment_content><![CDATA[This is an example of a comment made on a post. You can either edit the comment, delete the comment or reply to the comment. Use this as a place to respond to the post or to share what you are thinking.]]></wp:comment_content>
			<wp:comment_approved>1</wp:comment_approved>
			<wp:comment_type></wp:comment_type>
			<wp:comment_parent>0</wp:comment_parent>
			<wp:comment_user_id>1</wp:comment_user_id>
		</wp:comment>
		<wp:comment>
			<wp:comment_id>11</wp:comment_id>
			<wp:comment_author><![CDATA[Brian Gardner]]></wp:comment_author>
			<wp:comment_author_email>brian@briangardner.com</wp:comment_author_email>
			<wp:comment_author_url>http://www.briangardner.com/</wp:comment_author_url>
			<wp:comment_author_IP>50.179.111.168</wp:comment_author_IP>
			<wp:comment_date>2014-07-01 19:14:19</wp:comment_date>
			<wp:comment_date_gmt>2014-07-01 19:14:19</wp:comment_date_gmt>
			<wp:comment_content><![CDATA[This is an example of a nested threaded comment which is new in WordPress 2.7. This is where you can reply to a comment that was previously made, and visually makes reading comments to much easier.]]></wp:comment_content>
			<wp:comment_approved>1</wp:comment_approved>
			<wp:comment_type></wp:comment_type>
			<wp:comment_parent>10</wp:comment_parent>
			<wp:comment_user_id>1</wp:comment_user_id>
		</wp:comment>
		<wp:comment>
			<wp:comment_id>12</wp:comment_id>
			<wp:comment_author><![CDATA[Brian Gardner]]></wp:comment_author>
			<wp:comment_author_email>brian@briangardner.com</wp:comment_author_email>
			<wp:comment_author_url>http://www.briangardner.com/</wp:comment_author_url>
			<wp:comment_author_IP>50.179.111.168</wp:comment_author_IP>
			<wp:comment_date>2014-07-01 19:14:25</wp:comment_date>
			<wp:comment_date_gmt>2014-07-01 19:14:25</wp:comment_date_gmt>
			<wp:comment_content><![CDATA[This is an example of a nested threaded comment which is new in WordPress 2.7. This is where you can reply to a comment that was previously made, and visually makes reading comments to much easier.]]></wp:comment_content>
			<wp:comment_approved>1</wp:comment_approved>
			<wp:comment_type></wp:comment_type>
			<wp:comment_parent>11</wp:comment_parent>
			<wp:comment_user_id>1</wp:comment_user_id>
		</wp:comment>
		<wp:comment>
			<wp:comment_id>13</wp:comment_id>
			<wp:comment_author><![CDATA[Brian Gardner]]></wp:comment_author>
			<wp:comment_author_email>brian@briangardner.com</wp:comment_author_email>
			<wp:comment_author_url></wp:comment_author_url>
			<wp:comment_author_IP>50.179.111.168</wp:comment_author_IP>
			<wp:comment_date>2014-07-01 19:14:38</wp:comment_date>
			<wp:comment_date_gmt>2014-07-01 19:14:38</wp:comment_date_gmt>
			<wp:comment_content><![CDATA[This is an example of a comment made on a post. You can either edit the comment, delete the comment or reply to the comment. Use this as a place to respond to the post or to share what you are thinking.]]></wp:comment_content>
			<wp:comment_approved>1</wp:comment_approved>
			<wp:comment_type></wp:comment_type>
			<wp:comment_parent>0</wp:comment_parent>
			<wp:comment_user_id>1</wp:comment_user_id>
		</wp:comment>
	</item>
	<item>
				<title>Typography</title>
		<link>http://demo.studiopress.com/cafe/typography/</link>
		<pubDate>Sat, 05 Apr 2014 02:36:30 +0000</pubDate>
		<dc:creator><![CDATA[studiopress]]></dc:creator>
		<guid isPermaLink="false">http://demo.briangardner.com/remobile/?page_id=534</guid>
		<description></description>
		<content:encoded><![CDATA[Welcome to the formatting page for the Remobile Pro theme. We're glad you are interested in using this and want to show you how certain elements look.

<strong>Want to see what a blockquote looks like?</strong>

<blockquote>This is an example of a WordPress post, you could edit this to put information about your site so readers know where you are coming from. You can create as many posts as you like in order to share with your readers what is on your mind.</blockquote>

<strong>Perhaps you'd like to see what an unordered list looks like?</strong>

<ul>
<li>Unordered list item #1</li>
<li>Unordered list item #2</li>
<li>Unordered list item #3</li>
</ul>

<strong>Or you'd prefer to see what an ordered list looks like?</strong>

<ol>
<li>Ordered list item #1</li>
<li>Ordered list item #2</li>
<li>Ordered list item #3</li>
</ol>

<strong>How about the styling for threaded comments?</strong>

Starting with Version 2.7, WordPress has support for threaded comments. This is where you reply to a comment that was previously made, and makes reading comments easier.

Take a look at the <a href="http://demo.studiopress.com/remobile/threaded-comments#comments">comments of this post</a> and you will see.

<strong>Lastly, care to see what the headings look like?</strong>

<h1>Headline 1</h1>
<h2>Headline 2</h2>
<h3>Headline 3</h3>
<h4>Headline 4</h4>
<h5>Headline 5</h5>
<h6>Headline 6</h6>]]></content:encoded>
		<excerpt:encoded><![CDATA[]]></excerpt:encoded>
		<wp:post_id>534</wp:post_id>
		<wp:post_date>2014-04-05 02:36:30</wp:post_date>
		<wp:post_date_gmt>2014-04-05 02:36:30</wp:post_date_gmt>
		<wp:comment_status>open</wp:comment_status>
		<wp:ping_status>open</wp:ping_status>
		<wp:post_name>typography</wp:post_name>
		<wp:status>publish</wp:status>
		<wp:post_parent>0</wp:post_parent>
		<wp:menu_order>0</wp:menu_order>
		<wp:post_type>page</wp:post_type>
		<wp:post_password></wp:post_password>
		<wp:is_sticky>0</wp:is_sticky>
		<wp:postmeta>
			<wp:meta_key>_edit_last</wp:meta_key>
			<wp:meta_value><![CDATA[1]]></wp:meta_value>
		</wp:postmeta>
		<wp:postmeta>
			<wp:meta_key>_wp_page_template</wp:meta_key>
			<wp:meta_value><![CDATA[default]]></wp:meta_value>
		</wp:postmeta>
		<wp:postmeta>
			<wp:meta_key>ninja_forms_form</wp:meta_key>
			<wp:meta_value><![CDATA[0]]></wp:meta_value>
		</wp:postmeta>
	</item>
	<item>
				<title>Landing Page</title>
		<link>http://demo.studiopress.com/cafe/landing/</link>
		<pubDate>Sat, 05 Apr 2014 02:37:49 +0000</pubDate>
		<dc:creator><![CDATA[studiopress]]></dc:creator>
		<guid isPermaLink="false">http://demo.briangardner.com/remobile/?page_id=539</guid>
		<description></description>
		<content:encoded><![CDATA[This is an example of a WordPress page, you could edit this to put information so readers know where you are coming from. You can create as many pages like this one or sub-pages as you like and manage all of your content inside of WordPress.

<h4>Reason #1 Why You Should Buy This Theme</h4>

This is an example of a WordPress page, you could edit this to put information so readers know where you are coming from. You can create as many pages like this one or sub-pages as you like and manage all of your content inside of WordPress. This is an example of a WordPress page, you could edit this to put information so readers know where you are coming from. You can create as many pages as you like and manage all of your content inside of WordPress.

<h4>Reason #2 Why You Should Buy This Theme</h4>

This is an example of a WordPress page, you could edit this to put information so readers know where you are coming from. You can create as many pages like this one or sub-pages as you like and manage all of your content inside of WordPress. This is an example of a WordPress page, you could edit this to put information so readers know where you are coming from. You can create as many pages as you like and manage all of your content inside of WordPress.

<h4>Reason #3 Why You Should Buy This Theme</h4>

This is an example of a WordPress page, you could edit this to put information so readers know where you are coming from. You can create as many pages like this one or sub-pages as you like and manage all of your content inside of WordPress. This is an example of a WordPress page, you could edit this to put information so readers know where you are coming from. You can create as many pages as you like and manage all of your content inside of WordPress.]]></content:encoded>
		<excerpt:encoded><![CDATA[]]></excerpt:encoded>
		<wp:post_id>539</wp:post_id>
		<wp:post_date>2014-04-05 02:37:49</wp:post_date>
		<wp:post_date_gmt>2014-04-05 02:37:49</wp:post_date_gmt>
		<wp:comment_status>open</wp:comment_status>
		<wp:ping_status>open</wp:ping_status>
		<wp:post_name>landing</wp:post_name>
		<wp:status>publish</wp:status>
		<wp:post_parent>0</wp:post_parent>
		<wp:menu_order>0</wp:menu_order>
		<wp:post_type>page</wp:post_type>
		<wp:post_password></wp:post_password>
		<wp:is_sticky>0</wp:is_sticky>
		<wp:postmeta>
			<wp:meta_key>_edit_last</wp:meta_key>
			<wp:meta_value><![CDATA[1]]></wp:meta_value>
		</wp:postmeta>
		<wp:postmeta>
			<wp:meta_key>_wp_page_template</wp:meta_key>
			<wp:meta_value><![CDATA[page_landing.php]]></wp:meta_value>
		</wp:postmeta>
	</item>
	<item>
				<title>Blog Page</title>
		<link>http://demo.studiopress.com/cafe/blog/</link>
		<pubDate>Mon, 07 Apr 2014 17:47:42 +0000</pubDate>
		<dc:creator><![CDATA[studiopress]]></dc:creator>
		<guid isPermaLink="false">http://demo.briangardner.com/remobile/?page_id=556</guid>
		<description></description>
		<content:encoded><![CDATA[]]></content:encoded>
		<excerpt:encoded><![CDATA[]]></excerpt:encoded>
		<wp:post_id>556</wp:post_id>
		<wp:post_date>2014-04-07 17:47:42</wp:post_date>
		<wp:post_date_gmt>2014-04-07 17:47:42</wp:post_date_gmt>
		<wp:comment_status>open</wp:comment_status>
		<wp:ping_status>open</wp:ping_status>
		<wp:post_name>blog</wp:post_name>
		<wp:status>publish</wp:status>
		<wp:post_parent>0</wp:post_parent>
		<wp:menu_order>0</wp:menu_order>
		<wp:post_type>page</wp:post_type>
		<wp:post_password></wp:post_password>
		<wp:is_sticky>0</wp:is_sticky>
		<wp:postmeta>
			<wp:meta_key>_edit_last</wp:meta_key>
			<wp:meta_value><![CDATA[1]]></wp:meta_value>
		</wp:postmeta>
		<wp:postmeta>
			<wp:meta_key>_wp_page_template</wp:meta_key>
			<wp:meta_value><![CDATA[page_blog.php]]></wp:meta_value>
		</wp:postmeta>
	</item>
	<item>
				<title>About</title>
		<link>http://demo.studiopress.com/cafe/2014/09/26/about/</link>
		<pubDate>Fri, 26 Sep 2014 23:10:14 +0000</pubDate>
		<dc:creator><![CDATA[studiopress]]></dc:creator>
		<guid isPermaLink="false">http://demo.studiopress.com/cafe/?p=591</guid>
		<description></description>
		<content:encoded><![CDATA[]]></content:encoded>
		<excerpt:encoded><![CDATA[]]></excerpt:encoded>
		<wp:post_id>591</wp:post_id>
		<wp:post_date>2014-09-26 23:10:14</wp:post_date>
		<wp:post_date_gmt>2014-09-26 23:10:14</wp:post_date_gmt>
		<wp:comment_status>open</wp:comment_status>
		<wp:ping_status>open</wp:ping_status>
		<wp:post_name>about</wp:post_name>
		<wp:status>publish</wp:status>
		<wp:post_parent>0</wp:post_parent>
		<wp:menu_order>1</wp:menu_order>
		<wp:post_type>nav_menu_item</wp:post_type>
		<wp:post_password></wp:post_password>
		<wp:is_sticky>0</wp:is_sticky>
		<category domain="nav_menu" nicename="primary-navigation"><![CDATA[Primary Navigation]]></category>
		<wp:postmeta>
			<wp:meta_key>_menu_item_type</wp:meta_key>
			<wp:meta_value><![CDATA[custom]]></wp:meta_value>
		</wp:postmeta>
		<wp:postmeta>
			<wp:meta_key>_menu_item_menu_item_parent</wp:meta_key>
			<wp:meta_value><![CDATA[0]]></wp:meta_value>
		</wp:postmeta>
		<wp:postmeta>
			<wp:meta_key>_menu_item_object_id</wp:meta_key>
			<wp:meta_value><![CDATA[591]]></wp:meta_value>
		</wp:postmeta>
		<wp:postmeta>
			<wp:meta_key>_menu_item_object</wp:meta_key>
			<wp:meta_value><![CDATA[custom]]></wp:meta_value>
		</wp:postmeta>
		<wp:postmeta>
			<wp:meta_key>_menu_item_target</wp:meta_key>
			<wp:meta_value><![CDATA[]]></wp:meta_value>
		</wp:postmeta>
		<wp:postmeta>
			<wp:meta_key>_menu_item_classes</wp:meta_key>
			<wp:meta_value><![CDATA[a:1:{i:0;s:0:"";}]]></wp:meta_value>
		</wp:postmeta>
		<wp:postmeta>
			<wp:meta_key>_menu_item_xfn</wp:meta_key>
			<wp:meta_value><![CDATA[]]></wp:meta_value>
		</wp:postmeta>
		<wp:postmeta>
			<wp:meta_key>_menu_item_url</wp:meta_key>
			<wp:meta_value><![CDATA[/cafe/#front-page-1]]></wp:meta_value>
		</wp:postmeta>
	</item>
	<item>
				<title>Menu</title>
		<link>http://demo.studiopress.com/cafe/2014/09/26/menu/</link>
		<pubDate>Fri, 26 Sep 2014 23:10:14 +0000</pubDate>
		<dc:creator><![CDATA[studiopress]]></dc:creator>
		<guid isPermaLink="false">http://demo.studiopress.com/cafe/?p=592</guid>
		<description></description>
		<content:encoded><![CDATA[]]></content:encoded>
		<excerpt:encoded><![CDATA[]]></excerpt:encoded>
		<wp:post_id>592</wp:post_id>
		<wp:post_date>2014-09-26 23:10:14</wp:post_date>
		<wp:post_date_gmt>2014-09-26 23:10:14</wp:post_date_gmt>
		<wp:comment_status>open</wp:comment_status>
		<wp:ping_status>open</wp:ping_status>
		<wp:post_name>menu</wp:post_name>
		<wp:status>publish</wp:status>
		<wp:post_parent>0</wp:post_parent>
		<wp:menu_order>13</wp:menu_order>
		<wp:post_type>nav_menu_item</wp:post_type>
		<wp:post_password></wp:post_password>
		<wp:is_sticky>0</wp:is_sticky>
		<category domain="nav_menu" nicename="primary-navigation"><![CDATA[Primary Navigation]]></category>
		<wp:postmeta>
			<wp:meta_key>_menu_item_type</wp:meta_key>
			<wp:meta_value><![CDATA[custom]]></wp:meta_value>
		</wp:postmeta>
		<wp:postmeta>
			<wp:meta_key>_menu_item_menu_item_parent</wp:meta_key>
			<wp:meta_value><![CDATA[0]]></wp:meta_value>
		</wp:postmeta>
		<wp:postmeta>
			<wp:meta_key>_menu_item_object_id</wp:meta_key>
			<wp:meta_value><![CDATA[592]]></wp:meta_value>
		</wp:postmeta>
		<wp:postmeta>
			<wp:meta_key>_menu_item_object</wp:meta_key>
			<wp:meta_value><![CDATA[custom]]></wp:meta_value>
		</wp:postmeta>
		<wp:postmeta>
			<wp:meta_key>_menu_item_target</wp:meta_key>
			<wp:meta_value><![CDATA[]]></wp:meta_value>
		</wp:postmeta>
		<wp:postmeta>
			<wp:meta_key>_menu_item_classes</wp:meta_key>
			<wp:meta_value><![CDATA[a:1:{i:0;s:0:"";}]]></wp:meta_value>
		</wp:postmeta>
		<wp:postmeta>
			<wp:meta_key>_menu_item_xfn</wp:meta_key>
			<wp:meta_value><![CDATA[]]></wp:meta_value>
		</wp:postmeta>
		<wp:postmeta>
			<wp:meta_key>_menu_item_url</wp:meta_key>
			<wp:meta_value><![CDATA[/cafe/#front-page-2]]></wp:meta_value>
		</wp:postmeta>
	</item>
	<item>
				<title>Mission</title>
		<link>http://demo.studiopress.com/cafe/2014/09/26/mission/</link>
		<pubDate>Fri, 26 Sep 2014 23:10:14 +0000</pubDate>
		<dc:creator><![CDATA[studiopress]]></dc:creator>
		<guid isPermaLink="false">http://demo.studiopress.com/cafe/?p=593</guid>
		<description></description>
		<content:encoded><![CDATA[]]></content:encoded>
		<excerpt:encoded><![CDATA[]]></excerpt:encoded>
		<wp:post_id>593</wp:post_id>
		<wp:post_date>2014-09-26 23:10:14</wp:post_date>
		<wp:post_date_gmt>2014-09-26 23:10:14</wp:post_date_gmt>
		<wp:comment_status>open</wp:comment_status>
		<wp:ping_status>open</wp:ping_status>
		<wp:post_name>mission</wp:post_name>
		<wp:status>publish</wp:status>
		<wp:post_parent>0</wp:post_parent>
		<wp:menu_order>14</wp:menu_order>
		<wp:post_type>nav_menu_item</wp:post_type>
		<wp:post_password></wp:post_password>
		<wp:is_sticky>0</wp:is_sticky>
		<category domain="nav_menu" nicename="primary-navigation"><![CDATA[Primary Navigation]]></category>
		<wp:postmeta>
			<wp:meta_key>_menu_item_type</wp:meta_key>
			<wp:meta_value><![CDATA[custom]]></wp:meta_value>
		</wp:postmeta>
		<wp:postmeta>
			<wp:meta_key>_menu_item_menu_item_parent</wp:meta_key>
			<wp:meta_value><![CDATA[0]]></wp:meta_value>
		</wp:postmeta>
		<wp:postmeta>
			<wp:meta_key>_menu_item_object_id</wp:meta_key>
			<wp:meta_value><![CDATA[593]]></wp:meta_value>
		</wp:postmeta>
		<wp:postmeta>
			<wp:meta_key>_menu_item_object</wp:meta_key>
			<wp:meta_value><![CDATA[custom]]></wp:meta_value>
		</wp:postmeta>
		<wp:postmeta>
			<wp:meta_key>_menu_item_target</wp:meta_key>
			<wp:meta_value><![CDATA[]]></wp:meta_value>
		</wp:postmeta>
		<wp:postmeta>
			<wp:meta_key>_menu_item_classes</wp:meta_key>
			<wp:meta_value><![CDATA[a:1:{i:0;s:0:"";}]]></wp:meta_value>
		</wp:postmeta>
		<wp:postmeta>
			<wp:meta_key>_menu_item_xfn</wp:meta_key>
			<wp:meta_value><![CDATA[]]></wp:meta_value>
		</wp:postmeta>
		<wp:postmeta>
			<wp:meta_key>_menu_item_url</wp:meta_key>
			<wp:meta_value><![CDATA[/cafe/#front-page-3]]></wp:meta_value>
		</wp:postmeta>
	</item>
	<item>
				<title>Mantra</title>
		<link>http://demo.studiopress.com/cafe/2014/09/26/mantra/</link>
		<pubDate>Fri, 26 Sep 2014 23:10:14 +0000</pubDate>
		<dc:creator><![CDATA[studiopress]]></dc:creator>
		<guid isPermaLink="false">http://demo.studiopress.com/cafe/?p=594</guid>
		<description></description>
		<content:encoded><![CDATA[]]></content:encoded>
		<excerpt:encoded><![CDATA[]]></excerpt:encoded>
		<wp:post_id>594</wp:post_id>
		<wp:post_date>2014-09-26 23:10:14</wp:post_date>
		<wp:post_date_gmt>2014-09-26 23:10:14</wp:post_date_gmt>
		<wp:comment_status>open</wp:comment_status>
		<wp:ping_status>open</wp:ping_status>
		<wp:post_name>mantra</wp:post_name>
		<wp:status>publish</wp:status>
		<wp:post_parent>0</wp:post_parent>
		<wp:menu_order>15</wp:menu_order>
		<wp:post_type>nav_menu_item</wp:post_type>
		<wp:post_password></wp:post_password>
		<wp:is_sticky>0</wp:is_sticky>
		<category domain="nav_menu" nicename="primary-navigation"><![CDATA[Primary Navigation]]></category>
		<wp:postmeta>
			<wp:meta_key>_menu_item_type</wp:meta_key>
			<wp:meta_value><![CDATA[custom]]></wp:meta_value>
		</wp:postmeta>
		<wp:postmeta>
			<wp:meta_key>_menu_item_menu_item_parent</wp:meta_key>
			<wp:meta_value><![CDATA[0]]></wp:meta_value>
		</wp:postmeta>
		<wp:postmeta>
			<wp:meta_key>_menu_item_object_id</wp:meta_key>
			<wp:meta_value><![CDATA[594]]></wp:meta_value>
		</wp:postmeta>
		<wp:postmeta>
			<wp:meta_key>_menu_item_object</wp:meta_key>
			<wp:meta_value><![CDATA[custom]]></wp:meta_value>
		</wp:postmeta>
		<wp:postmeta>
			<wp:meta_key>_menu_item_target</wp:meta_key>
			<wp:meta_value><![CDATA[]]></wp:meta_value>
		</wp:postmeta>
		<wp:postmeta>
			<wp:meta_key>_menu_item_classes</wp:meta_key>
			<wp:meta_value><![CDATA[a:1:{i:0;s:0:"";}]]></wp:meta_value>
		</wp:postmeta>
		<wp:postmeta>
			<wp:meta_key>_menu_item_xfn</wp:meta_key>
			<wp:meta_value><![CDATA[]]></wp:meta_value>
		</wp:postmeta>
		<wp:postmeta>
			<wp:meta_key>_menu_item_url</wp:meta_key>
			<wp:meta_value><![CDATA[/cafe/#front-page-4]]></wp:meta_value>
		</wp:postmeta>
	</item>
	<item>
				<title>Location</title>
		<link>http://demo.studiopress.com/cafe/2014/09/26/location/</link>
		<pubDate>Fri, 26 Sep 2014 23:10:14 +0000</pubDate>
		<dc:creator><![CDATA[studiopress]]></dc:creator>
		<guid isPermaLink="false">http://demo.studiopress.com/cafe/?p=595</guid>
		<description></description>
		<content:encoded><![CDATA[]]></content:encoded>
		<excerpt:encoded><![CDATA[]]></excerpt:encoded>
		<wp:post_id>595</wp:post_id>
		<wp:post_date>2014-09-26 23:10:14</wp:post_date>
		<wp:post_date_gmt>2014-09-26 23:10:14</wp:post_date_gmt>
		<wp:comment_status>open</wp:comment_status>
		<wp:ping_status>open</wp:ping_status>
		<wp:post_name>location</wp:post_name>
		<wp:status>publish</wp:status>
		<wp:post_parent>0</wp:post_parent>
		<wp:menu_order>16</wp:menu_order>
		<wp:post_type>nav_menu_item</wp:post_type>
		<wp:post_password></wp:post_password>
		<wp:is_sticky>0</wp:is_sticky>
		<category domain="nav_menu" nicename="primary-navigation"><![CDATA[Primary Navigation]]></category>
		<wp:postmeta>
			<wp:meta_key>_menu_item_type</wp:meta_key>
			<wp:meta_value><![CDATA[custom]]></wp:meta_value>
		</wp:postmeta>
		<wp:postmeta>
			<wp:meta_key>_menu_item_menu_item_parent</wp:meta_key>
			<wp:meta_value><![CDATA[0]]></wp:meta_value>
		</wp:postmeta>
		<wp:postmeta>
			<wp:meta_key>_menu_item_object_id</wp:meta_key>
			<wp:meta_value><![CDATA[595]]></wp:meta_value>
		</wp:postmeta>
		<wp:postmeta>
			<wp:meta_key>_menu_item_object</wp:meta_key>
			<wp:meta_value><![CDATA[custom]]></wp:meta_value>
		</wp:postmeta>
		<wp:postmeta>
			<wp:meta_key>_menu_item_target</wp:meta_key>
			<wp:meta_value><![CDATA[]]></wp:meta_value>
		</wp:postmeta>
		<wp:postmeta>
			<wp:meta_key>_menu_item_classes</wp:meta_key>
			<wp:meta_value><![CDATA[a:1:{i:0;s:0:"";}]]></wp:meta_value>
		</wp:postmeta>
		<wp:postmeta>
			<wp:meta_key>_menu_item_xfn</wp:meta_key>
			<wp:meta_value><![CDATA[]]></wp:meta_value>
		</wp:postmeta>
		<wp:postmeta>
			<wp:meta_key>_menu_item_url</wp:meta_key>
			<wp:meta_value><![CDATA[/cafe/#footer-widgets]]></wp:meta_value>
		</wp:postmeta>
	</item>
	<item>
				<title>Sample Post</title>
		<link>http://demo.studiopress.com/cafe/2014/09/26/sample-post-2/</link>
		<pubDate>Fri, 26 Sep 2014 23:16:38 +0000</pubDate>
		<dc:creator><![CDATA[studiopress]]></dc:creator>
		<guid isPermaLink="false">http://demo.studiopress.com/cafe/?p=596</guid>
		<description></description>
		<content:encoded><![CDATA[]]></content:encoded>
		<excerpt:encoded><![CDATA[]]></excerpt:encoded>
		<wp:post_id>596</wp:post_id>
		<wp:post_date>2014-09-26 23:16:38</wp:post_date>
		<wp:post_date_gmt>2014-09-26 23:16:38</wp:post_date_gmt>
		<wp:comment_status>open</wp:comment_status>
		<wp:ping_status>open</wp:ping_status>
		<wp:post_name>sample-post-2</wp:post_name>
		<wp:status>publish</wp:status>
		<wp:post_parent>0</wp:post_parent>
		<wp:menu_order>8</wp:menu_order>
		<wp:post_type>nav_menu_item</wp:post_type>
		<wp:post_password></wp:post_password>
		<wp:is_sticky>0</wp:is_sticky>
		<category domain="nav_menu" nicename="primary-navigation"><![CDATA[Primary Navigation]]></category>
		<wp:postmeta>
			<wp:meta_key>_menu_item_type</wp:meta_key>
			<wp:meta_value><![CDATA[post_type]]></wp:meta_value>
		</wp:postmeta>
		<wp:postmeta>
			<wp:meta_key>_menu_item_menu_item_parent</wp:meta_key>
			<wp:meta_value><![CDATA[591]]></wp:meta_value>
		</wp:postmeta>
		<wp:postmeta>
			<wp:meta_key>_menu_item_object_id</wp:meta_key>
			<wp:meta_value><![CDATA[471]]></wp:meta_value>
		</wp:postmeta>
		<wp:postmeta>
			<wp:meta_key>_menu_item_object</wp:meta_key>
			<wp:meta_value><![CDATA[post]]></wp:meta_value>
		</wp:postmeta>
		<wp:postmeta>
			<wp:meta_key>_menu_item_target</wp:meta_key>
			<wp:meta_value><![CDATA[]]></wp:meta_value>
		</wp:postmeta>
		<wp:postmeta>
			<wp:meta_key>_menu_item_classes</wp:meta_key>
			<wp:meta_value><![CDATA[a:1:{i:0;s:0:"";}]]></wp:meta_value>
		</wp:postmeta>
		<wp:postmeta>
			<wp:meta_key>_menu_item_xfn</wp:meta_key>
			<wp:meta_value><![CDATA[]]></wp:meta_value>
		</wp:postmeta>
		<wp:postmeta>
			<wp:meta_key>_menu_item_url</wp:meta_key>
			<wp:meta_value><![CDATA[]]></wp:meta_value>
		</wp:postmeta>
	</item>
</channel>
</rss>
